Workbook

Sheet ref_jenis_pengadaan
B2: kode_jenis_pengadaan | C2: jenis_pengadaan
B3: 1 | C3: Barang
B4: 2 | C4: Konstruksi
B5: 3 | C5: Jasa Konsultansi
B6: 4 | C6: Jasa Lainnya

Sheet ref_reviu_item_ku
B2: kode_reviu_item | C2: reviu_item | D2: keterangan | E2: is_aktif
B3: 1 | C3: Reviu Dokumen Anggaran Belanja (DIPA atau RKA-U) | D3: Reviu Dokumen Anggaran Belanja (DIPA/DPA atau RKA-KL/RKAPD yang telah ditetapkan) untuk memastikan bahwa anggaran untuk pekerjaan yang akan dilaksanakan telah tersedia dan jumlahnya cukup.
B4: 2 | C4: Reviu ID Paket RUP | D4: Reviu ID paket RUP untuk memastikan bahwa paket yang akan dilaksanakan telah terdaftar dan diumumkan dalam SI-PPAN.
B5: 3 | C5: Reviu Waktu Penggunaan Barang/Jasa | D5: Reviu waktu penggunaan barang/jasa untuk memastikan bahwa pelaksanaan Pengadaan Barang/Jasa sejak proses persiapan, pemilihan, dan pelaksanaan kontrak dapat selesai sesuai rencana penggunaan/pemanfaatan barang/jasa.
B6: 4 | C6: Reviu Spesifikasi Teknis | D6: Reviu spesifikasi teknis/KAK untuk memastikan bahwa spesifikasi teknis/KAK telah dituangkan secara lengkap agar peserta pemilihan dapat memahami spesifikasi teknis/KAK dan merespon untuk menyusun penawaran dengan baik. Spesifikasi teknis/KAK harus didefinisikan dengan jelas dan tidak mengarah kepada produk atau merek tertentu kecuali dimungkinkan sebagaimana diatur dalam Pasal 19 ayat (2) Peraturan Presiden Nomor 12 Tahun 2021 tentang Pengadaan Barang/Jasa Pemerintah.
B7: 5 | C7: Reviu KAK | D7: Kerangka Acuan Kerja untuk pengadaan Pekerjaan Jasa Konsultan meliputi: a. Uraian pekerjaan yang akan dilaksanakan; b. Waktu dan tahapan pelaksanaan yang diperlukan untuk menyelesaikan pekerjaan dengan memperhatikan batas akhir efektif tahun anggaran; c. Kompetensi dan jumlah kebutuhan tenaga ahli; d. Kemampuan badan usaha Penyedia jasa Konsultansi Konstruksi; e. Sumber pendanaan dan besarnya total perkiraan biaya pekerjaan. (Pasal 19 Peraturan Menteri Pekerjaan Umum Dan Perumahan Rakyat Republik Indonesia Nomor 07/PRT/M/2019 Tentang Standar Dan Pedoman Pengadaan Jasa Konstruksi Melalui Penyedia)
B8: 6 | C8: Reviu Spesifikasi Teknis dan Gambar | D8: Spesifikasi teknis untuk pengadaan Pekerjaan Konstruksi meliputi: a. spesifikasi bahan bangunan konstruksi; b. spesifikasi peralatan konstruksi dan peralatan bangunan; c. spesifikasi proses/kegiatan; d. spesifikasi metode konstruksi/metode pelaksanaan/metode kerja; dan e. spesifikasi jabatan kerja konstruksi. (Pasal 19 Peraturan Menteri Pekerjaan Umum Dan Perumahan Rakyat Republik Indonesia Nomor 07/PRT/M/2019 Tentang Standar Dan Pedoman Pengadaan Jasa Konstruksi Melalui Penyedia)
B9: 7 | C9: Reviu Harga Perkiraan Sendiri (HPS) | D9: Reviu HPS untuk memastikan bahwa nilai HPS telah cukup dan sesuai dengan spesifikasi teknis/KAK dan ruang lingkup pekerjaan. Reviu HPS dapat dilakukan menggunakan perkiraan biaya/RAB yang telah disusun pada tahap perencanaan pengadaan, data/informasi pasar terkini, dan dengan cara membandingkan pekerjaan yang sama pada paket yang berbeda atau memeriksa apakah komponen/unsur pembayaran pada uraian pekerjaan telah sesuai dengan spesifikasi teknis/KAK dan ruang lingkup pekerjaan. Pokja Pemilihan juga dapat mereviu apakah HPS sudah memperhitungkan kewajiban perpajakan atau biaya lain yang dipersyaratkan dalam pelaksanaan pekerjaan.
B10: 8 | C10: Reviu Rancangan Kontrak / Perjanjian | D10: Reviu Rancangan Kontrak untuk memastikan bahwa draft kontrak telah sesuai dengan ruang lingkup pekerjaan. Reviu rancangan kontrak memperhatikan: 1) Naskah Perjanjian; 2) Syarat-syarat Umum Kontrak; 3) Syarat-syarat Khusus Kontrak; 4) Ketentuan Jaminan Pengadaan; 5) Ketentuan Sertifikat Garansi; 6) Ketentuan Sertifikat/Dokumen Pemilihan dalam rangka Pengadaan Barang Impor (hanya untuk barang impor); dan/atau 7) Ketentuan Penyesuaian Harga.
B11: 9 | C11: Reviu Analisis Pasar | D11: Berdasarkan dokumen persiapan pengadaan yang diserahkan oleh PPK, Pokja Pemilihan melakukan analisis pasar untuk mengetahui kemungkinan ketersediaan barang/jasa dan Pelaku Usaha dalam negeri yang mampu dan memenuhi persyaratan untuk melaksanakan pekerjaan. Hasil analisis pasar digunakan untuk menentukan metode kualifikasi dan/atau metode pemilihanPenyedia.

Sheet ref_item_tanya_ku
B2: kode_item_tanya | C2: item_tanya | D2: is_aktif
B3: 1 | C3: Apakah Pemaketan Pengadaan Barang/Jasa yang dilakukan sudah berorientasi pada: a. keluaran atau hasil; b. volume barang/jasa; c. ketersediaan barang/jasa; Peraturan Rektor Nomor : 196 Tahun 2021
B4: 2 | C4: Bagaimana kepastian ketersediaan anggaran ?
B5: 3 | C5: Bersumber dari manakah pagu dalam pelaksanaan kegiatan ini? (DIPA BLU / RM) Sumber: RKA-KL DIPA Universitas Terbuka
B6: 4 | C6: Apakah paket RUP yang akan dilaksanakan telah terdaftar dalam SI-PPAN?
B7: 5 | C7: Apakah pengisian sudah benar?
B8: 6 | C8: Apakah waktu dalam pelaksanaan pekerjaan ini, sudah mencukupi sampai dengan serah terima pekerjaan? (Satuan waktu yang dimaksud, adalah hari kalender atau kerja)
B9: 7 | C9: Apakah PPK akan memberikan kebijakan tertentu atau memberikan toleransi kepada penyedia dalam alokasi waktu?
B10: 8 | C10: Apakah spesifikasi teknis sudah disinkronkan dengan dokumen Perencanaan Pengadaan dan Anggaran?
B11: 9 | C11: Dalam penyusunan spesifikasi teknis apakah PPK-PBJ sudah memperhatikan beberapa ketentuan sebagai berikut: a. menggunakan produk dalam negeri; b. menggunakan produk bersertifikat SNI; dan c. memaksimalkan penggunaan produk industri hijau. Pasal 19 ayat 1) Perpres No. 16 Tahun 2018 dan perpres 12 tahun 2021
B12: 10 | C12: Untuk menetapkan spesifikasi, sumber informasi apa yang dipergunakan PPK dalam menetapkan spesifikasi tersebut?
B13: 11 | C13: Apakah melibatkan Tenaga Ahli/Tim Teknis atau pihak lain dalam menyusun spesifikasi? Sudahkan dilakukan pembahasan dengan penyusun?
B14: 12 | C14: Apakah spesifikasi yang ditetapkan sudah menjelaskan pemenuhan elemen spesifikasi dari aspek kualitas / mutu yang harus dipenuhi penyedia?
... B34: 32 | C34: Apakah ada "persyaratan khusus" bagi penyedia untuk mengikuti pekerjaan ini?

Sheet trx_reviu_item_item_tanya
B2: Ket: Untuk memasangkan reviu_item dengan item_tanya, karena tiap reviu_item punya item_tanya masing2
B4: kode_trx | C4: kode_reviu_item | E4: kode_item_tanya
C5: 1 | D5: =VLOOKUP(C5,ref_reviu_item_ku!$B$2:$D$11,2) -> Reviu Dokumen Anggaran Belanja (DIPA atau RKA-U) | E5: 1 | F5: =VLOOKUP(E5,ref_item_tanya_ku!$B$2:$D$34,2) -> Apakah Pemaketan Pengadaan Barang/Jasa yang dilakukan sudah berorientasi pada: a. keluaran atau hasil; b. volume barang/jasa; c. ketersediaan barang/jasa; Peraturan Rektor Nomor : 196 Tahun 2021
C6: 1 | D6: =VLOOKUP(C6,ref_reviu_item_ku!$B$2:$D$11,2) -> Reviu Dokumen Anggaran Belanja (DIPA atau RKA-U) | E6: 2 | F6: =VLOOKUP(E6,ref_item_tanya_ku!$B$2:$D$34,2) -> Bagaimana kepastian ketersediaan anggaran ?
C7: 1 | D7: =VLOOKUP(C7,ref_reviu_item_ku!$B$2:$D$11,2) -> Reviu Dokumen Anggaran Belanja (DIPA atau RKA-U) | E7: 3 | F7: =VLOOKUP(E7,ref_item_tanya_ku!$B$2:$D$34,2) -> Bersumber dari manakah pagu dalam pelaksanaan kegiatan ini? (DIPA BLU / RM) Sumber: RKA-KL DIPA Universitas Terbuka
C8: 2 | D8: =VLOOKUP(C8,ref_reviu_item_ku!$B$2:$D$11,2) -> Reviu ID Paket RUP | E8: 4 | F8: =VLOOKUP(E8,ref_item_tanya_ku!$B$2:$D$34,2) -> Apakah paket RUP yang akan dilaksanakan telah terdaftar dalam SI-PPAN?
C9: 2 | D9: =VLOOKUP(C9,ref_reviu_item_ku!$B$2:$D$11,2) -> Reviu ID Paket RUP | E9: 5 | F9: =VLOOKUP(E9,ref_item_tanya_ku!$B$2:$D$34,2) -> Apakah pengisian sudah benar?
C10: 3 | D10: =VLOOKUP(C10,ref_reviu_item_ku!$B$2:$D$11,2) -> Reviu Waktu Penggunaan Barang/Jasa | E10: 6 | F10: =VLOOKUP(E10,ref_item_tanya_ku!$B$2:$D$34,2) -> Apakah waktu dalam pelaksanaan pekerjaan ini, sudah mencukupi sampai dengan serah terima pekerjaan? (Satuan waktu yang dimaksud, adalah hari kalender atau kerja)
C11: 3 | D11: =VLOOKUP(C11,ref_reviu_item_ku!$B$2:$D$11,2) -> Reviu Waktu Penggunaan Barang/Jasa | E11: 7 | F11: =VLOOKUP(E11,ref_item_tanya_ku!$B$2:$D$34,2) -> Apakah PPK akan memberikan kebijakan tertentu atau memberikan toleransi kepada penyedia dalam alokasi waktu?

Sheet ref_multiple_choice_ku
B2: kode_mc | C2: jawaban
B3: 1 | C3: Ya
B4: 2 | C4: Tidak
B5: 3 | C5: Memenuhi
B6: 4 | C6: Tidak Memenuhi

Sheet trx_jenis_pengadaan_reviu_item
B2: Ket: Untuk memasangkan jenis_pengadaan dengan reviu_item, karena reviu_item untuk tiap jenis_pengadaan bisa berbeda beda
B4: kode_trx | C4: kode_jenis_pengadaan | E4: order | F4: kode_reviu_item
B5: 1 | C5: 1 | D5: =VLOOKUP(C5,ref_jenis_pengadaan!$B$2:$C$6,2) -> Barang | E5: 1 | F5: 1 | G5: =VLOOKUP(F5,ref_reviu_item_ku!$B$2:$C$11,2) -> Reviu Dokumen Anggaran Belanja (DIPA atau RKA-U)
B6: 2 | C6: 1 | D6: =VLOOKUP(C6,ref_jenis_pengadaan!$B$2:$C$6,2) -> Barang | E6: 2 | F6: 2 | G6: =VLOOKUP(F6,ref_reviu_item_ku!$B$2:$C$11,2) -> Reviu ID Paket RUP
B7: 3 | C7: 1 | D7: =VLOOKUP(C7,ref_jenis_pengadaan!$B$2:$C$6,2) -> Barang | E7: 3 | F7: 3 | G7: =VLOOKUP(F7,ref_reviu_item_ku!$B$2:$C$11,2) -> Reviu Waktu Penggunaan Barang/Jasa
B8: 4 | C8: 1 | D8: =VLOOKUP(C8,ref_jenis_pengadaan!$B$2:$C$6,2) -> Barang | E8: 4 | F8: 4 | G8: =VLOOKUP(F8,ref_reviu_item_ku!$B$2:$C$11,2) -> Reviu Spesifikasi Teknis
B9: 5 | C9: 1 | D9: =VLOOKUP(C9,ref_jenis_pengadaan!$B$2:$C$6,2) -> Barang | E9: 5 | F9: 7 | G9: =VLOOKUP(F9,ref_reviu_item_ku!$B$2:$C$11,2) -> Reviu Harga Perkiraan Sendiri (HPS)
B10: 6 | C10: 1 | D10: =VLOOKUP(C10,ref_jenis_pengadaan!$B$2:$C$6,2) -> Barang | E10: 6 | F10: 8 | G10: =VLOOKUP(F10,ref_reviu_item_ku!$B$2:$C$11,2) -> Reviu Rancangan Kontrak / Perjanjian
B11: 7 | C11: 1 | D11: =VLOOKUP(C11,ref_jenis_pengadaan!$B$2:$C$6,2) -> Barang | E11: 7 | F11: 9 | G11: =VLOOKUP(F11,ref_reviu_item_ku!$B$2:$C$11,2) -> Reviu Analisis Pasar
B12: 8 | C12: 2 | D12: =VLOOKUP(C12,ref_jenis_pengadaan!$B$2:$C$6,2) -> Konstruksi | E12: 1 | F12: 1 | G12: =VLOOKUP(F12,ref_reviu_item_ku!$B$2:$C$11,2) -> Reviu Dokumen Anggaran Belanja (DIPA atau RKA-U)
B13: 9 | C13: 2 | D13: =VLOOKUP(C13,ref_jenis_pengadaan!$B$2:$C$6,2) -> Konstruksi | E13: 2 | F13: 2 | G13: =VLOOKUP(F13,ref_reviu_item_ku!$B$2:$C$11,2) -> Reviu ID Paket RUP
B14: 10 | C14: 2 | D14: =VLOOKUP(C14,ref_jenis_pengadaan!$B$2:$C$6,2) -> Konstruksi | E14: 3 | F14: 3 | G14: =VLOOKUP(F14,ref_reviu_item_ku!$B$2:$C$11,2) -> Reviu Waktu Penggunaan Barang/Jasa
B15: 11 | C15: 2 | D15: =VLOOKUP(C15,ref_jenis_pengadaan!$B$2:$C$6,2) -> Konstruksi | E15: 4 | F15: 6 | G15: =VLOOKUP(F15,ref_reviu_item_ku!$B$2:$C$11,2) -> Reviu Spesifikasi Teknis dan Gambar
B16: 12 | C16: 2 | D16: =VLOOKUP(C16,ref_jenis_pengadaan!$B$2:$C$6,2) -> Konstruksi | E16: 5 | F16: 7 | G16: =VLOOKUP(F16,ref_reviu_item_ku!$B$2:$C$11,2) -> Reviu Harga Perkiraan Sendiri (HPS)
... B32: 28 | C32: 4 | D32: =VLOOKUP(C32,ref_jenis_pengadaan!$B$2:$C$6,2) -> Jasa Lainnya | E32: 7 | F32: 9 | G32: =VLOOKUP(F32,ref_reviu_item_ku!$B$2:$C$11,2) -> Reviu Analisis Pasar

Sheet trx_tanya_jawab_ku
B2: kode_tanya_jawab | C2: kode_ku | D2: kode_reviu_item | F2: kode_item_tanya | H2: jawab
B3: 1 | C3: 1 | D3: 1 | E3: =VLOOKUP(D3,ref_reviu_item_ku!$B$2:$C$11,2) -> Reviu Dokumen Anggaran Belanja (DIPA atau RKA-U) | F3: 1 | G3: =VLOOKUP(F3,ref_item_tanya_ku!$B$2:$C$4,2) -> Apakah Pemaketan Pengadaan Barang/Jasa yang dilakukan sudah berorientasi pada: a. keluaran atau hasil; b. volume barang/jasa; c. ketersediaan barang/jasa; Peraturan Rektor Nomor : 196 Tahun 2021 | H3: Pemaketan sudah sesuai
B4: 2 | C4: 1 | D4: 1 | E4: =VLOOKUP(D4,ref_reviu_item_ku!$B$2:$C$11,2) -> Reviu Dokumen Anggaran Belanja (DIPA atau RKA-U) | F4: 2 | G4: =VLOOKUP(F4,ref_item_tanya_ku!$B$2:$C$4,2) -> Bagaimana kepastian ketersediaan anggaran ? | H4: Ya

Sheet trx_rekomen_tanggap_ku
C3: kode_rekomen_tanggap | D3: kode_ku | E3: kode_reviu_item | F3: rekomendasi | G3: tanggapan
D4: 1 | E4: 1
D5: 1 | E5: 2
