Workbook

Sheet email_id
A1: email | B1: user_id
A2: aan-andryansyah@ecampus.ut.ac.id | B2: =VLOOKUP(A2,Sheet1!$A$2:$B$7124,2,FALSE) -> 13317 | D2: ="INSERT INTO trx_group_user (kode_group, id_user, status) VALUES ('G11.2', "&B2&", '1');" -> INSERT INTO trx_group_user (kode_group, id_user, status) VALUES ('G11.2', 13317, '1');
A3: aan@ecampus.ut.ac.id | B3: =VLOOKUP(A3,Sheet1!$A$2:$B$7124,2,FALSE) -> 12747 | D3: ="INSERT INTO trx_group_user (kode_group, id_user, status) VALUES ('G11.2', "&B3&", '1');" -> INSERT INTO trx_group_user (kode_group, id_user, status) VALUES ('G11.2', 12747, '1');
A4: abbas-yusuf@ecampus.ut.ac.id | B4: =VLOOKUP(A4,Sheet1!$A$2:$B$7124,2,FALSE) -> 14261 | D4: ="INSERT INTO trx_group_user (kode_group, id_user, status) VALUES ('G11.2', "&B4&", '1');" -> INSERT INTO trx_group_user (kode_group, id_user, status) VALUES ('G11.2', 14261, '1');
A5: abd.gafur@ecampus.ut.ac.id | B5: =VLOOKUP(A5,Sheet1!$A$2:$B$7124,2,FALSE) -> 31397 | D5: ="INSERT INTO trx_group_user (kode_group, id_user, status) VALUES ('G11.2', "&B5&", '1');" -> INSERT INTO trx_group_user (kode_group, id_user, status) VALUES ('G11.2', 31397, '1');
A6: abdillahmunawir@ecampus.ut.ac.id | B6: =VLOOKUP(A6,Sheet1!$A$2:$B$7124,2,FALSE) -> 19365 | D6: ="INSERT INTO trx_group_user (kode_group, id_user, status) VALUES ('G11.2', "&B6&", '1');" -> INSERT INTO trx_group_user (kode_group, id_user, status) VALUES ('G11.2', 19365, '1');
A7: abdrifm@ecampus.ut.ac.id | B7: =VLOOKUP(A7,Sheet1!$A$2:$B$7124,2,FALSE) -> 13910 | D7: ="INSERT INTO trx_group_user (kode_group, id_user, status) VALUES ('G11.2', "&B7&", '1');" -> INSERT INTO trx_group_user (kode_group, id_user, status) VALUES ('G11.2', 13910, '1');
A8: abdulaziz@ecampus.ut.ac.id | B8: =VLOOKUP(A8,Sheet1!$A$2:$B$7124,2,FALSE) -> 13348 | D8: ="INSERT INTO trx_group_user (kode_group, id_user, status) VALUES ('G11.2', "&B8&", '1');" -> INSERT INTO trx_group_user (kode_group, id_user, status) VALUES ('G11.2', 13348, '1');
A9: abdullah.ut@ecampus.ut.ac.id | B9: =VLOOKUP(A9,Sheet1!$A$2:$B$7124,2,FALSE) -> 13153 | D9: ="INSERT INTO trx_group_user (kode_group, id_user, status) VALUES ('G11.2', "&B9&", '1');" -> INSERT INTO trx_group_user (kode_group, id_user, status) VALUES ('G11.2', 13153, '1');
A10: abdul_latif@ecampus.ut.ac.id | B10: =VLOOKUP(A10,Sheet1!$A$2:$B$7124,2,FALSE) -> 13963 | D10: ="INSERT INTO trx_group_user (kode_group, id_user, status) VALUES ('G11.2', "&B10&", '1');" -> INSERT INTO trx_group_user (kode_group, id_user, status) VALUES ('G11.2', 13963, '1');
A11: abdul_rahman@ecampus.ut.ac.id | B11: =VLOOKUP(A11,Sheet1!$A$2:$B$7124,2,FALSE) -> 14186 | D11: ="INSERT INTO trx_group_user (kode_group, id_user, status) VALUES ('G11.2', "&B11&", '1');" -> INSERT INTO trx_group_user (kode_group, id_user, status) VALUES ('G11.2', 14186, '1');
A12: abdulr@ecampus.ut.ac.id | B12: =VLOOKUP(A12,Sheet1!$A$2:$B$7124,2,FALSE) -> 12213 | D12: ="INSERT INTO trx_group_user (kode_group, id_user, status) VALUES ('G11.2', "&B12&", '1');" -> INSERT INTO trx_group_user (kode_group, id_user, status) VALUES ('G11.2', 12213, '1');
A13: abdurrahman@ecampus.ut.ac.id | B13: =VLOOKUP(A13,Sheet1!$A$2:$B$7124,2,FALSE) -> 33037 | D13: ="INSERT INTO trx_group_user (kode_group, id_user, status) VALUES ('G11.2', "&B13&", '1');" -> INSERT INTO trx_group_user (kode_group, id_user, status) VALUES ('G11.2', 33037, '1');
... A992: irfiani@ecampus.ut.ac.id | B992: =VLOOKUP(A992,Sheet1!$A$2:$B$7124,2,FALSE) -> 13259 | D992: ="INSERT INTO trx_group_user (kode_group, id_user, status) VALUES ('G11.2', "&B992&", '1');" -> INSERT INTO trx_group_user (kode_group, id_user, status) VALUES ('G11.2', 13259, '1');
A993: irgyr@ecampus.ut.ac.id | B993: =VLOOKUP(A993,Sheet1!$A$2:$B$7124,2,FALSE) -> 32728
A994: irlan@ecampus.ut.ac.id | B994: =VLOOKUP(A994,Sheet1!$A$2:$B$7124,2,FALSE) -> 12192 | D994: ="INSERT INTO trx_group_user (kode_group, id_user, status) VALUES ('G11.2', "&B994&", '1');" -> INSERT INTO trx_group_user (kode_group, id_user, status) VALUES ('G11.2', 12192, '1');
A995: irma@ecampus.ut.ac.id | B995: =VLOOKUP(A995,Sheet1!$A$2:$B$7124,2,FALSE) -> 12651 | D995: ="INSERT INTO trx_group_user (kode_group, id_user, status) VALUES ('G11.2', "&B995&", '1');" -> INSERT INTO trx_group_user (kode_group, id_user, status) VALUES ('G11.2', 12651, '1');
A996: irma.eka@ecampus.ut.ac.id | B996: =VLOOKUP(A996,Sheet1!$A$2:$B$7124,2,FALSE) -> 13347 | D996: ="INSERT INTO trx_group_user (kode_group, id_user, status) VALUES ('G11.2', "&B996&", '1');" -> INSERT INTO trx_group_user (kode_group, id_user, status) VALUES ('G11.2', 13347, '1');
A997: irmawaty@ecampus.ut.ac.id | B997: =VLOOKUP(A997,Sheet1!$A$2:$B$7124,2,FALSE) -> 12646 | D997: ="INSERT INTO trx_group_user (kode_group, id_user, status) VALUES ('G11.2', "&B997&", '1');" -> INSERT INTO trx_group_user (kode_group, id_user, status) VALUES ('G11.2', 12646, '1');
A998: irmayani@ecampus.ut.ac.id | B998: =VLOOKUP(A998,Sheet1!$A$2:$B$7124,2,FALSE) -> 13078 | D998: ="INSERT INTO trx_group_user (kode_group, id_user, status) VALUES ('G11.2', "&B998&", '1');" -> INSERT INTO trx_group_user (kode_group, id_user, status) VALUES ('G11.2', 13078, '1');
A999: irmayati@ecampus.ut.ac.id | B999: =VLOOKUP(A999,Sheet1!$A$2:$B$7124,2,FALSE) -> 12916 | D999: ="INSERT INTO trx_group_user (kode_group, id_user, status) VALUES ('G11.2', "&B999&", '1');" -> INSERT INTO trx_group_user (kode_group, id_user, status) VALUES ('G11.2', 12916, '1');
A1000: irnanitbani@ecampus.ut.ac.id | B1000: =VLOOKUP(A1000,Sheet1!$A$2:$B$7124,2,FALSE) -> 13955 | D1000: ="INSERT INTO trx_group_user (kode_group, id_user, status) VALUES ('G11.2', "&B1000&", '1');" -> INSERT INTO trx_group_user (kode_group, id_user, status) VALUES ('G11.2', 13955, '1');
A1001: irnawati@ecampus.ut.ac.id | B1001: =VLOOKUP(A1001,Sheet1!$A$2:$B$7124,2,FALSE) -> 12746 | D1001: ="INSERT INTO trx_group_user (kode_group, id_user, status) VALUES ('G11.2', "&B1001&", '1');" -> INSERT INTO trx_group_user (kode_group, id_user, status) VALUES ('G11.2', 12746, '1');
A1002: irpan.kusyadi@ecampus.ut.ac.id | B1002: =VLOOKUP(A1002,Sheet1!$A$2:$B$7124,2,FALSE) -> 32421 | D1002: ="INSERT INTO trx_group_user (kode_group, id_user, status) VALUES ('G11.2', "&B1002&", '1');" -> INSERT INTO trx_group_user (kode_group, id_user, status) VALUES ('G11.2', 32421, '1');
A1003: irsanti@ecampus.ut.ac.id | B1003: =VLOOKUP(A1003,Sheet1!$A$2:$B$7124,2,FALSE) -> 12711 | D1003: ="INSERT INTO trx_group_user (kode_group, id_user, status) VALUES ('G11.2', "&B1003&", '1');" -> INSERT INTO trx_group_user (kode_group, id_user, status) VALUES ('G11.2', 12711, '1');
A1004: irveanzar@ecampus.ut.ac.id | B1004: =VLOOKUP(A1004,Sheet1!$A$2:$B$7124,2,FALSE) -> 13203 | D1004: ="INSERT INTO trx_group_user (kode_group, id_user, status) VALUES ('G11.2', "&B1004&", '1');" -> INSERT INTO trx_group_user (kode_group, id_user, status) VALUES ('G11.2', 13203, '1');
A1005: irwana@ecampus.ut.ac.id | B1005: =VLOOKUP(A1005,Sheet1!$A$2:$B$7124,2,FALSE) -> 13901 | D1005: ="INSERT INTO trx_group_user (kode_group, id_user, status) VALUES ('G11.2', "&B1005&", '1');" -> INSERT INTO trx_group_user (kode_group, id_user, status) VALUES ('G11.2', 13901, '1');
... A2250: zulmd@ecampus.ut.ac.id | B2250: =VLOOKUP(A2250,Sheet1!$A$2:$B$7124,2,FALSE) -> 12209 | D2250: ="INSERT INTO trx_group_user (kode_group, id_user, status) VALUES ('G11.2', "&B2250&", '1');" -> INSERT INTO trx_group_user (kode_group, id_user, status) VALUES ('G11.2', 12209, '1');

Sheet Sheet1
A1: email | B1: id
A2: adrian@ecampus.ut.ac.id | B2: 1
A3: ali@ecampus.ut.ac.id | B3: 2
A4: sofjan@ecampus.ut.ac.id | B4: 3
A5: aguss@ecampus.ut.ac.id | B5: 4
A6: ake@ecampus.ut.ac.id | B6: 6
A7: sholihin@ecampus.ut.ac.id | B7: 8
A8: susiloe@ecampus.ut.ac.id | B8: 9
A9: andis@ecampus.ut.ac.id | B9: 10
A10: agussm@ecampus.ut.ac.id | B10: 11
A11: pakenp@ecampus.ut.ac.id | B11: 12
A12: timbul@ecampus.ut.ac.id | B12: 13
A13: ita@ecampus.ut.ac.id | B13: 14
... A7124: hart@ecampus.ut.ac.id | B7124: 33093
