Workbook

Sheet nip
A1: id | B1: email | C1: kode_unit | D1: nip
A2: 1 | B2: adrian@ecampus.ut.ac.id | C2: UN31.WR2 | D2: 197705032002121002
A3: 2 | B3: ali@ecampus.ut.ac.id | C3: UN31 | D3: 197208242000121001
A4: 3 | B4: sofjan@ecampus.ut.ac.id | C4: UN31.PPK | D4: 196606191992031002
A5: 4 | B5: aguss@ecampus.ut.ac.id | C5: UN31.UT19 | D5: 196402171993031001
A6: 5 | B6: ake@ecampus.ut.ac.id | C6: UN31.MWA | D6: 197403122005011002
A7: 6 | B7: sholihin@ecampus.ut.ac.id | C7: UN31.DMAUPBJ | D7: 196303021987011002
A8: 7 | B8: susiloe@ecampus.ut.ac.id | C8: UN31.LAB | D8: 197305202001121001
A9: 8 | B9: andis@ecampus.ut.ac.id | C9: UN31.DMAUPBJ | D9: 197302262005011001
A10: 9 | B10: agussm@ecampus.ut.ac.id | C10: UN31.LPJJ2 | D10: 197208192006041001
A11: 10 | B11: pakenp@ecampus.ut.ac.id | C11: UN31.WR3 | D11: 197008201997031003
A12: 11 | B12: timbul@ecampus.ut.ac.id | C12: UN31.LPJJ | D12: 196505081991031004
A13: 12 | B13: ita@ecampus.ut.ac.id | C13: UN31.FKIP | D13: 196102121986032001
... A2652: 2651 | B2652: zulfikri@ecampus.ut.ac.id | C2652: UN31.LPPM3 | D2652: 196405091991031004

Sheet unit_pbj
A1: kode_pbj | B1: kode_unit_pbj
A2: UN31.DMAUPBJ | B2: 1
A3: PBJ1 | B3: 2
A4: PBJ13 | B4: 3
A5: UN31.DTD | B5: 4
A6: PBJ23 | B6: 5
A7: PBJ3 | B7: 6
A8: PBJ4 | B8: 7
A9: UN31.SEKUN | B9: 8
A10: UN31.PBI | B10: 9
A11: UN31.PPKU | B11: 10
A12: UN31.PPP | B12: 11
A13: UN31.MWA | B13: 12
... A85: UN31.PMO | B85: 84

Sheet PPK
A1: nama | B1: email | C1: nama_unit | D1: nip | E1: kode_unit | F1: kode_unit_pbj | G1: kode_jabatan | H1: status_aktif
A2: Prof. Dr. Agus Santoso, M.Si. | B2: aguss@ecampus.ut.ac.id | C2: Universitas Terbuka Yogyakarta | D2: =VLOOKUP(B2,nip!$B$1:$D$2652,3,FALSE) -> 196402171993031001 | E2: =VLOOKUP(B2,nip!$B$1:$D$2652,2,FALSE) -> UN31.UT19 | F2: =VLOOKUP(E2,unit_pbj!$A$1:$B$85,2,FALSE) -> 32 | G2: 7 | H2: 1 | J2: ="DELETE FROM trx_group_user WHERE id_user = (SELECT id FROM ref_user WHERE email = '"&B2&"');" -> DELETE FROM trx_group_user WHERE id_user = (SELECT id FROM ref_user WHERE email = 'aguss@ecampus.ut.ac.id'); | K2: ="DELETE FROM trx_user_tampung WHERE email = '"&B2&"';" -> DELETE FROM trx_user_tampung WHERE email = 'aguss@ecampus.ut.ac.id'; | L2: ="INSERT INTO trx_user_tampung (nama, email, nip, kode_unit_pbj, kode_jabatan, status_aktif, kode_unit, nama_unit) VALUES ('"&A2&"', '"&B2&"', '"&D2&"', '"&F2&"', '"&G2&"', '"&H2&"', '"&E2&"', '"&C2&"');" -> INSERT INTO trx_user_tampung (nama, email, nip, kode_unit_pbj, kode_jabatan, status_aktif, kode_unit, nama_unit) VALUES ('Prof. Dr. Agus Santoso, M.Si.', 'aguss@ecampus.ut.ac.id', '196402171993031001', '32', '7', '1', 'UN31.UT19', 'Universitas Terbuka Yogyakarta'); | M2: ="INSERT INTO trx_group_user (kode_group, id_user, status) VALUES ('G01.2', (SELECT id FROM ref_user WHERE email = '"&B2&"'), '1');" -> INSERT INTO trx_group_user (kode_group, id_user, status) VALUES ('G01.2', (SELECT id FROM ref_user WHERE email = 'aguss@ecampus.ut.ac.id'), '1'); | N2: ="INSERT INTO trx_group_user (kode_group, id_user, status) VALUES ('G03.2', (SELECT id FROM ref_user WHERE email = '"&B2&"'), '1');" -> INSERT INTO trx_group_user (kode_group, id_user, status) VALUES ('G03.2', (SELECT id FROM ref_user WHERE email = 'aguss@ecampus.ut.ac.id'), '1'); | O2: ="INSERT INTO trx_group_user (kode_group, id_user, status) VALUES ('G04.4', (SELECT id FROM ref_user WHERE email = '"&B2&"'), '1');" -> INSERT INTO trx_group_user (kode_group, id_user, status) VALUES ('G04.4', (SELECT id FROM ref_user WHERE email = 'aguss@ecampus.ut.ac.id'), '1'); | P2: ="INSERT INTO trx_group_user (kode_group, id_user, status) VALUES ('G05.4', (SELECT id FROM ref_user WHERE email = '"&B2&"'), '1');" -> INSERT INTO trx_group_user (kode_group, id_user, status) VALUES ('G05.4', (SELECT id FROM ref_user WHERE email = 'aguss@ecampus.ut.ac.id'), '1');
A3: Agus Joko Purwanto | B3: ajoko@ecampus.ut.ac.id | C3: Direktorat Sumber Daya Manusia | D3: =VLOOKUP(B3,nip!$B$1:$D$2652,3,FALSE) -> 196605081992031003 | E3: =VLOOKUP(B3,nip!$B$1:$D$2652,2,FALSE) -> UN31.UT18 | F3: =VLOOKUP(E3,unit_pbj!$A$1:$B$85,2,FALSE) -> 31 | G3: 7 | H3: 1 | J3: ="DELETE FROM trx_group_user WHERE id_user = (SELECT id FROM ref_user WHERE email = '"&B3&"');" -> DELETE FROM trx_group_user WHERE id_user = (SELECT id FROM ref_user WHERE email = 'ajoko@ecampus.ut.ac.id'); | K3: ="DELETE FROM trx_user_tampung WHERE email = '"&B3&"';" -> DELETE FROM trx_user_tampung WHERE email = 'ajoko@ecampus.ut.ac.id'; | L3: ="INSERT INTO trx_user_tampung (nama, email, nip, kode_unit_pbj, kode_jabatan, status_aktif, kode_unit, nama_unit) VALUES ('"&A3&"', '"&B3&"', '"&D3&"', '"&F3&"', '"&G3&"', '"&H3&"', '"&E3&"', '"&C3&"');" -> INSERT INTO trx_user_tampung (nama, email, nip, kode_unit_pbj, kode_jabatan, status_aktif, kode_unit, nama_unit) VALUES ('Agus Joko Purwanto', 'ajoko@ecampus.ut.ac.id', '196605081992031003', '31', '7', '1', 'UN31.UT18', 'Direktorat Sumber Daya Manusia'); | M3: ="INSERT INTO trx_group_user (kode_group, id_user, status) VALUES ('G01.2', (SELECT id FROM ref_user WHERE email = '"&B3&"'), '1');" -> INSERT INTO trx_group_user (kode_group, id_user, status) VALUES ('G01.2', (SELECT id FROM ref_user WHERE email = 'ajoko@ecampus.ut.ac.id'), '1'); | N3: ="INSERT INTO trx_group_user (kode_group, id_user, status) VALUES ('G03.2', (SELECT id FROM ref_user WHERE email = '"&B3&"'), '1');" -> INSERT INTO trx_group_user (kode_group, id_user, status) VALUES ('G03.2', (SELECT id FROM ref_user WHERE email = 'ajoko@ecampus.ut.ac.id'), '1'); | O3: ="INSERT INTO trx_group_user (kode_group, id_user, status) VALUES ('G04.4', (SELECT id FROM ref_user WHERE email = '"&B3&"'), '1');" -> INSERT INTO trx_group_user (kode_group, id_user, status) VALUES ('G04.4', (SELECT id FROM ref_user WHERE email = 'ajoko@ecampus.ut.ac.id'), '1'); | P3: ="INSERT INTO trx_group_user (kode_group, id_user, status) VALUES ('G05.4', (SELECT id FROM ref_user WHERE email = '"&B3&"'), '1');" -> INSERT INTO trx_group_user (kode_group, id_user, status) VALUES ('G05.4', (SELECT id FROM ref_user WHERE email = 'ajoko@ecampus.ut.ac.id'), '1');
A4: Ake Wihadanto | B4: ake@ecampus.ut.ac.id | C4: Lembaga Penelitian dan Pengabdian Kepada Masyarakat | D4: =VLOOKUP(B4,nip!$B$1:$D$2652,3,FALSE) -> 197403122005011002 | E4: =VLOOKUP(B4,nip!$B$1:$D$2652,2,FALSE) -> UN31.MWA | F4: =VLOOKUP(E4,unit_pbj!$A$1:$B$85,2,FALSE) -> 12 | G4: 7 | H4: 1 | J4: ="DELETE FROM trx_group_user WHERE id_user = (SELECT id FROM ref_user WHERE email = '"&B4&"');" -> DELETE FROM trx_group_user WHERE id_user = (SELECT id FROM ref_user WHERE email = 'ake@ecampus.ut.ac.id'); | K4: ="DELETE FROM trx_user_tampung WHERE email = '"&B4&"';" -> DELETE FROM trx_user_tampung WHERE email = 'ake@ecampus.ut.ac.id'; | L4: ="INSERT INTO trx_user_tampung (nama, email, nip, kode_unit_pbj, kode_jabatan, status_aktif, kode_unit, nama_unit) VALUES ('"&A4&"', '"&B4&"', '"&D4&"', '"&F4&"', '"&G4&"', '"&H4&"', '"&E4&"', '"&C4&"');" -> INSERT INTO trx_user_tampung (nama, email, nip, kode_unit_pbj, kode_jabatan, status_aktif, kode_unit, nama_unit) VALUES ('Ake Wihadanto', 'ake@ecampus.ut.ac.id', '197403122005011002', '12', '7', '1', 'UN31.MWA', 'Lembaga Penelitian dan Pengabdian Kepada Masyarakat'); | M4: ="INSERT INTO trx_group_user (kode_group, id_user, status) VALUES ('G01.2', (SELECT id FROM ref_user WHERE email = '"&B4&"'), '1');" -> INSERT INTO trx_group_user (kode_group, id_user, status) VALUES ('G01.2', (SELECT id FROM ref_user WHERE email = 'ake@ecampus.ut.ac.id'), '1'); | N4: ="INSERT INTO trx_group_user (kode_group, id_user, status) VALUES ('G03.2', (SELECT id FROM ref_user WHERE email = '"&B4&"'), '1');" -> INSERT INTO trx_group_user (kode_group, id_user, status) VALUES ('G03.2', (SELECT id FROM ref_user WHERE email = 'ake@ecampus.ut.ac.id'), '1'); | O4: ="INSERT INTO trx_group_user (kode_group, id_user, status) VALUES ('G04.4', (SELECT id FROM ref_user WHERE email = '"&B4&"'), '1');" -> INSERT INTO trx_group_user (kode_group, id_user, status) VALUES ('G04.4', (SELECT id FROM ref_user WHERE email = 'ake@ecampus.ut.ac.id'), '1'); | P4: ="INSERT INTO trx_group_user (kode_group, id_user, status) VALUES ('G05.4', (SELECT id FROM ref_user WHERE email = '"&B4&"'), '1');" -> INSERT INTO trx_group_user (kode_group, id_user, status) VALUES ('G05.4', (SELECT id FROM ref_user WHERE email = 'ake@ecampus.ut.ac.id'), '1');
A5: Hariyadi | B5: hariyadi@ecampus.ut.ac.id | C5: Universitas Terbuka Palangkaraya | D5: =VLOOKUP(B5,nip!$B$1:$D$2652,3,FALSE) -> 197308162008011011 | E5: =VLOOKUP(B5,nip!$B$1:$D$2652,2,FALSE) -> UN31.UT21 | F5: =VLOOKUP(E5,unit_pbj!$A$1:$B$85,2,FALSE) -> 34 | G5: 7 | H5: 1 | J5: ="DELETE FROM trx_group_user WHERE id_user = (SELECT id FROM ref_user WHERE email = '"&B5&"');" -> DELETE FROM trx_group_user WHERE id_user = (SELECT id FROM ref_user WHERE email = 'hariyadi@ecampus.ut.ac.id'); | K5: ="DELETE FROM trx_user_tampung WHERE email = '"&B5&"';" -> DELETE FROM trx_user_tampung WHERE email = 'hariyadi@ecampus.ut.ac.id'; | L5: ="INSERT INTO trx_user_tampung (nama, email, nip, kode_unit_pbj, kode_jabatan, status_aktif, kode_unit, nama_unit) VALUES ('"&A5&"', '"&B5&"', '"&D5&"', '"&F5&"', '"&G5&"', '"&H5&"', '"&E5&"', '"&C5&"');" -> INSERT INTO trx_user_tampung (nama, email, nip, kode_unit_pbj, kode_jabatan, status_aktif, kode_unit, nama_unit) VALUES ('Hariyadi', 'hariyadi@ecampus.ut.ac.id', '197308162008011011', '34', '7', '1', 'UN31.UT21', 'Universitas Terbuka Palangkaraya'); | M5: ="INSERT INTO trx_group_user (kode_group, id_user, status) VALUES ('G01.2', (SELECT id FROM ref_user WHERE email = '"&B5&"'), '1');" -> INSERT INTO trx_group_user (kode_group, id_user, status) VALUES ('G01.2', (SELECT id FROM ref_user WHERE email = 'hariyadi@ecampus.ut.ac.id'), '1'); | N5: ="INSERT INTO trx_group_user (kode_group, id_user, status) VALUES ('G03.2', (SELECT id FROM ref_user WHERE email = '"&B5&"'), '1');" -> INSERT INTO trx_group_user (kode_group, id_user, status) VALUES ('G03.2', (SELECT id FROM ref_user WHERE email = 'hariyadi@ecampus.ut.ac.id'), '1'); | O5: ="INSERT INTO trx_group_user (kode_group, id_user, status) VALUES ('G04.4', (SELECT id FROM ref_user WHERE email = '"&B5&"'), '1');" -> INSERT INTO trx_group_user (kode_group, id_user, status) VALUES ('G04.4', (SELECT id FROM ref_user WHERE email = 'hariyadi@ecampus.ut.ac.id'), '1'); | P5: ="INSERT INTO trx_group_user (kode_group, id_user, status) VALUES ('G05.4', (SELECT id FROM ref_user WHERE email = '"&B5&"'), '1');" -> INSERT INTO trx_group_user (kode_group, id_user, status) VALUES ('G05.4', (SELECT id FROM ref_user WHERE email = 'hariyadi@ecampus.ut.ac.id'), '1');
A6: Iqbal Miftakhul Mujtahid | B6: iqbal@ecampus.ut.ac.id | C6: Universitas Terbuka Pekanbaru | D6: =VLOOKUP(B6,nip!$B$1:$D$2652,3,FALSE) -> 198206062008121001 | E6: =VLOOKUP(B6,nip!$B$1:$D$2652,2,FALSE) -> UN31.UT17 | F6: =VLOOKUP(E6,unit_pbj!$A$1:$B$85,2,FALSE) -> 30 | G6: 7 | H6: 1 | J6: ="DELETE FROM trx_group_user WHERE id_user = (SELECT id FROM ref_user WHERE email = '"&B6&"');" -> DELETE FROM trx_group_user WHERE id_user = (SELECT id FROM ref_user WHERE email = 'iqbal@ecampus.ut.ac.id'); | K6: ="DELETE FROM trx_user_tampung WHERE email = '"&B6&"';" -> DELETE FROM trx_user_tampung WHERE email = 'iqbal@ecampus.ut.ac.id'; | L6: ="INSERT INTO trx_user_tampung (nama, email, nip, kode_unit_pbj, kode_jabatan, status_aktif, kode_unit, nama_unit) VALUES ('"&A6&"', '"&B6&"', '"&D6&"', '"&F6&"', '"&G6&"', '"&H6&"', '"&E6&"', '"&C6&"');" -> INSERT INTO trx_user_tampung (nama, email, nip, kode_unit_pbj, kode_jabatan, status_aktif, kode_unit, nama_unit) VALUES ('Iqbal Miftakhul Mujtahid', 'iqbal@ecampus.ut.ac.id', '198206062008121001', '30', '7', '1', 'UN31.UT17', 'Universitas Terbuka Pekanbaru'); | M6: ="INSERT INTO trx_group_user (kode_group, id_user, status) VALUES ('G01.2', (SELECT id FROM ref_user WHERE email = '"&B6&"'), '1');" -> INSERT INTO trx_group_user (kode_group, id_user, status) VALUES ('G01.2', (SELECT id FROM ref_user WHERE email = 'iqbal@ecampus.ut.ac.id'), '1'); | N6: ="INSERT INTO trx_group_user (kode_group, id_user, status) VALUES ('G03.2', (SELECT id FROM ref_user WHERE email = '"&B6&"'), '1');" -> INSERT INTO trx_group_user (kode_group, id_user, status) VALUES ('G03.2', (SELECT id FROM ref_user WHERE email = 'iqbal@ecampus.ut.ac.id'), '1'); | O6: ="INSERT INTO trx_group_user (kode_group, id_user, status) VALUES ('G04.4', (SELECT id FROM ref_user WHERE email = '"&B6&"'), '1');" -> INSERT INTO trx_group_user (kode_group, id_user, status) VALUES ('G04.4', (SELECT id FROM ref_user WHERE email = 'iqbal@ecampus.ut.ac.id'), '1'); | P6: ="INSERT INTO trx_group_user (kode_group, id_user, status) VALUES ('G05.4', (SELECT id FROM ref_user WHERE email = '"&B6&"'), '1');" -> INSERT INTO trx_group_user (kode_group, id_user, status) VALUES ('G05.4', (SELECT id FROM ref_user WHERE email = 'iqbal@ecampus.ut.ac.id'), '1');
A7: Dr. Ucu Rahayu, M.Sc. | B7: urahayu@ecampus.ut.ac.id | C7: Fakultas Keguruan dan Ilmu Pendidikan | D7: =VLOOKUP(B7,nip!$B$1:$D$2652,3,FALSE) -> 196711101992032002 | E7: =VLOOKUP(B7,nip!$B$1:$D$2652,2,FALSE) -> UN31.FKIP | F7: =VLOOKUP(E7,unit_pbj!$A$1:$B$85,2,FALSE) -> 62 | G7: 7 | H7: 1 | J7: ="DELETE FROM trx_group_user WHERE id_user = (SELECT id FROM ref_user WHERE email = '"&B7&"');" -> DELETE FROM trx_group_user WHERE id_user = (SELECT id FROM ref_user WHERE email = 'urahayu@ecampus.ut.ac.id'); | K7: ="DELETE FROM trx_user_tampung WHERE email = '"&B7&"';" -> DELETE FROM trx_user_tampung WHERE email = 'urahayu@ecampus.ut.ac.id'; | L7: ="INSERT INTO trx_user_tampung (nama, email, nip, kode_unit_pbj, kode_jabatan, status_aktif, kode_unit, nama_unit) VALUES ('"&A7&"', '"&B7&"', '"&D7&"', '"&F7&"', '"&G7&"', '"&H7&"', '"&E7&"', '"&C7&"');" -> INSERT INTO trx_user_tampung (nama, email, nip, kode_unit_pbj, kode_jabatan, status_aktif, kode_unit, nama_unit) VALUES ('Dr. Ucu Rahayu, M.Sc.', 'urahayu@ecampus.ut.ac.id', '196711101992032002', '62', '7', '1', 'UN31.FKIP', 'Fakultas Keguruan dan Ilmu Pendidikan'); | M7: ="INSERT INTO trx_group_user (kode_group, id_user, status) VALUES ('G01.2', (SELECT id FROM ref_user WHERE email = '"&B7&"'), '1');" -> INSERT INTO trx_group_user (kode_group, id_user, status) VALUES ('G01.2', (SELECT id FROM ref_user WHERE email = 'urahayu@ecampus.ut.ac.id'), '1'); | N7: ="INSERT INTO trx_group_user (kode_group, id_user, status) VALUES ('G03.2', (SELECT id FROM ref_user WHERE email = '"&B7&"'), '1');" -> INSERT INTO trx_group_user (kode_group, id_user, status) VALUES ('G03.2', (SELECT id FROM ref_user WHERE email = 'urahayu@ecampus.ut.ac.id'), '1'); | O7: ="INSERT INTO trx_group_user (kode_group, id_user, status) VALUES ('G04.4', (SELECT id FROM ref_user WHERE email = '"&B7&"'), '1');" -> INSERT INTO trx_group_user (kode_group, id_user, status) VALUES ('G04.4', (SELECT id FROM ref_user WHERE email = 'urahayu@ecampus.ut.ac.id'), '1'); | P7: ="INSERT INTO trx_group_user (kode_group, id_user, status) VALUES ('G05.4', (SELECT id FROM ref_user WHERE email = '"&B7&"'), '1');" -> INSERT INTO trx_group_user (kode_group, id_user, status) VALUES ('G05.4', (SELECT id FROM ref_user WHERE email = 'urahayu@ecampus.ut.ac.id'), '1');
A8: Dr. Prasetyarti Utami S.Si., M.Si. | B8: prasetyarti@ecampus.ut.ac.id | C8: Universitas Terbuka Purwokerto | D8: =VLOOKUP(B8,nip!$B$1:$D$2652,3,FALSE) -> 198310132009122004 | E8: =VLOOKUP(B8,nip!$B$1:$D$2652,2,FALSE) -> UN31.UT16 | F8: =VLOOKUP(E8,unit_pbj!$A$1:$B$85,2,FALSE) -> 29 | G8: 7 | H8: 1 | J8: ="DELETE FROM trx_group_user WHERE id_user = (SELECT id FROM ref_user WHERE email = '"&B8&"');" -> DELETE FROM trx_group_user WHERE id_user = (SELECT id FROM ref_user WHERE email = 'prasetyarti@ecampus.ut.ac.id'); | K8: ="DELETE FROM trx_user_tampung WHERE email = '"&B8&"';" -> DELETE FROM trx_user_tampung WHERE email = 'prasetyarti@ecampus.ut.ac.id'; | L8: ="INSERT INTO trx_user_tampung (nama, email, nip, kode_unit_pbj, kode_jabatan, status_aktif, kode_unit, nama_unit) VALUES ('"&A8&"', '"&B8&"', '"&D8&"', '"&F8&"', '"&G8&"', '"&H8&"', '"&E8&"', '"&C8&"');" -> INSERT INTO trx_user_tampung (nama, email, nip, kode_unit_pbj, kode_jabatan, status_aktif, kode_unit, nama_unit) VALUES ('Dr. Prasetyarti Utami S.Si., M.Si.', 'prasetyarti@ecampus.ut.ac.id', '198310132009122004', '29', '7', '1', 'UN31.UT16', 'Universitas Terbuka Purwokerto'); | M8: ="INSERT INTO trx_group_user (kode_group, id_user, status) VALUES ('G01.2', (SELECT id FROM ref_user WHERE email = '"&B8&"'), '1');" -> INSERT INTO trx_group_user (kode_group, id_user, status) VALUES ('G01.2', (SELECT id FROM ref_user WHERE email = 'prasetyarti@ecampus.ut.ac.id'), '1'); | N8: ="INSERT INTO trx_group_user (kode_group, id_user, status) VALUES ('G03.2', (SELECT id FROM ref_user WHERE email = '"&B8&"'), '1');" -> INSERT INTO trx_group_user (kode_group, id_user, status) VALUES ('G03.2', (SELECT id FROM ref_user WHERE email = 'prasetyarti@ecampus.ut.ac.id'), '1'); | O8: ="INSERT INTO trx_group_user (kode_group, id_user, status) VALUES ('G04.4', (SELECT id FROM ref_user WHERE email = '"&B8&"'), '1');" -> INSERT INTO trx_group_user (kode_group, id_user, status) VALUES ('G04.4', (SELECT id FROM ref_user WHERE email = 'prasetyarti@ecampus.ut.ac.id'), '1'); | P8: ="INSERT INTO trx_group_user (kode_group, id_user, status) VALUES ('G05.4', (SELECT id FROM ref_user WHERE email = '"&B8&"'), '1');" -> INSERT INTO trx_group_user (kode_group, id_user, status) VALUES ('G05.4', (SELECT id FROM ref_user WHERE email = 'prasetyarti@ecampus.ut.ac.id'), '1');
A9: Dr. Iqbal Miftakhul Mujtahid S.IP., M.Si. | B9: iqbal@ecampus.ut.ac.id | C9: Universitas Terbuka Semarang | D9: =VLOOKUP(B9,nip!$B$1:$D$2652,3,FALSE) -> 198206062008121001 | E9: =VLOOKUP(B9,nip!$B$1:$D$2652,2,FALSE) -> UN31.UT17 | F9: =VLOOKUP(E9,unit_pbj!$A$1:$B$85,2,FALSE) -> 30 | G9: 7 | H9: 1 | J9: ="DELETE FROM trx_group_user WHERE id_user = (SELECT id FROM ref_user WHERE email = '"&B9&"');" -> DELETE FROM trx_group_user WHERE id_user = (SELECT id FROM ref_user WHERE email = 'iqbal@ecampus.ut.ac.id'); | K9: ="DELETE FROM trx_user_tampung WHERE email = '"&B9&"';" -> DELETE FROM trx_user_tampung WHERE email = 'iqbal@ecampus.ut.ac.id'; | L9: ="INSERT INTO trx_user_tampung (nama, email, nip, kode_unit_pbj, kode_jabatan, status_aktif, kode_unit, nama_unit) VALUES ('"&A9&"', '"&B9&"', '"&D9&"', '"&F9&"', '"&G9&"', '"&H9&"', '"&E9&"', '"&C9&"');" -> INSERT INTO trx_user_tampung (nama, email, nip, kode_unit_pbj, kode_jabatan, status_aktif, kode_unit, nama_unit) VALUES ('Dr. Iqbal Miftakhul Mujtahid S.IP., M.Si.', 'iqbal@ecampus.ut.ac.id', '198206062008121001', '30', '7', '1', 'UN31.UT17', 'Universitas Terbuka Semarang'); | M9: ="INSERT INTO trx_group_user (kode_group, id_user, status) VALUES ('G01.2', (SELECT id FROM ref_user WHERE email = '"&B9&"'), '1');" -> INSERT INTO trx_group_user (kode_group, id_user, status) VALUES ('G01.2', (SELECT id FROM ref_user WHERE email = 'iqbal@ecampus.ut.ac.id'), '1'); | N9: ="INSERT INTO trx_group_user (kode_group, id_user, status) VALUES ('G03.2', (SELECT id FROM ref_user WHERE email = '"&B9&"'), '1');" -> INSERT INTO trx_group_user (kode_group, id_user, status) VALUES ('G03.2', (SELECT id FROM ref_user WHERE email = 'iqbal@ecampus.ut.ac.id'), '1'); | O9: ="INSERT INTO trx_group_user (kode_group, id_user, status) VALUES ('G04.4', (SELECT id FROM ref_user WHERE email = '"&B9&"'), '1');" -> INSERT INTO trx_group_user (kode_group, id_user, status) VALUES ('G04.4', (SELECT id FROM ref_user WHERE email = 'iqbal@ecampus.ut.ac.id'), '1'); | P9: ="INSERT INTO trx_group_user (kode_group, id_user, status) VALUES ('G05.4', (SELECT id FROM ref_user WHERE email = '"&B9&"'), '1');" -> INSERT INTO trx_group_user (kode_group, id_user, status) VALUES ('G05.4', (SELECT id FROM ref_user WHERE email = 'iqbal@ecampus.ut.ac.id'), '1');
A10: Dr. Agus Joko Purwanto M.Si. | B10: ajoko@ecampus.ut.ac.id | C10: Universitas Terbuka Surakarta | D10: =VLOOKUP(B10,nip!$B$1:$D$2652,3,FALSE) -> 196605081992031003 | E10: =VLOOKUP(B10,nip!$B$1:$D$2652,2,FALSE) -> UN31.UT18 | F10: =VLOOKUP(E10,unit_pbj!$A$1:$B$85,2,FALSE) -> 31 | G10: 7 | H10: 1 | J10: ="DELETE FROM trx_group_user WHERE id_user = (SELECT id FROM ref_user WHERE email = '"&B10&"');" -> DELETE FROM trx_group_user WHERE id_user = (SELECT id FROM ref_user WHERE email = 'ajoko@ecampus.ut.ac.id'); | K10: ="DELETE FROM trx_user_tampung WHERE email = '"&B10&"';" -> DELETE FROM trx_user_tampung WHERE email = 'ajoko@ecampus.ut.ac.id'; | L10: ="INSERT INTO trx_user_tampung (nama, email, nip, kode_unit_pbj, kode_jabatan, status_aktif, kode_unit, nama_unit) VALUES ('"&A10&"', '"&B10&"', '"&D10&"', '"&F10&"', '"&G10&"', '"&H10&"', '"&E10&"', '"&C10&"');" -> INSERT INTO trx_user_tampung (nama, email, nip, kode_unit_pbj, kode_jabatan, status_aktif, kode_unit, nama_unit) VALUES ('Dr. Agus Joko Purwanto M.Si.', 'ajoko@ecampus.ut.ac.id', '196605081992031003', '31', '7', '1', 'UN31.UT18', 'Universitas Terbuka Surakarta'); | M10: ="INSERT INTO trx_group_user (kode_group, id_user, status) VALUES ('G01.2', (SELECT id FROM ref_user WHERE email = '"&B10&"'), '1');" -> INSERT INTO trx_group_user (kode_group, id_user, status) VALUES ('G01.2', (SELECT id FROM ref_user WHERE email = 'ajoko@ecampus.ut.ac.id'), '1'); | N10: ="INSERT INTO trx_group_user (kode_group, id_user, status) VALUES ('G03.2', (SELECT id FROM ref_user WHERE email = '"&B10&"'), '1');" -> INSERT INTO trx_group_user (kode_group, id_user, status) VALUES ('G03.2', (SELECT id FROM ref_user WHERE email = 'ajoko@ecampus.ut.ac.id'), '1'); | O10: ="INSERT INTO trx_group_user (kode_group, id_user, status) VALUES ('G04.4', (SELECT id FROM ref_user WHERE email = '"&B10&"'), '1');" -> INSERT INTO trx_group_user (kode_group, id_user, status) VALUES ('G04.4', (SELECT id FROM ref_user WHERE email = 'ajoko@ecampus.ut.ac.id'), '1'); | P10: ="INSERT INTO trx_group_user (kode_group, id_user, status) VALUES ('G05.4', (SELECT id FROM ref_user WHERE email = '"&B10&"'), '1');" -> INSERT INTO trx_group_user (kode_group, id_user, status) VALUES ('G05.4', (SELECT id FROM ref_user WHERE email = 'ajoko@ecampus.ut.ac.id'), '1');
A11: Ir. Mochamad Priono M.Si. | B11: priono@ecampus.ut.ac.id | C11: Universitas Terbuka Banjarmasin | D11: =VLOOKUP(B11,nip!$B$1:$D$2652,3,FALSE) -> 196404151991031003 | E11: =VLOOKUP(B11,nip!$B$1:$D$2652,2,FALSE) -> UN31.UT22 | F11: =VLOOKUP(E11,unit_pbj!$A$1:$B$85,2,FALSE) -> 35 | G11: 7 | H11: 1 | J11: ="DELETE FROM trx_group_user WHERE id_user = (SELECT id FROM ref_user WHERE email = '"&B11&"');" -> DELETE FROM trx_group_user WHERE id_user = (SELECT id FROM ref_user WHERE email = 'priono@ecampus.ut.ac.id'); | K11: ="DELETE FROM trx_user_tampung WHERE email = '"&B11&"';" -> DELETE FROM trx_user_tampung WHERE email = 'priono@ecampus.ut.ac.id'; | L11: ="INSERT INTO trx_user_tampung (nama, email, nip, kode_unit_pbj, kode_jabatan, status_aktif, kode_unit, nama_unit) VALUES ('"&A11&"', '"&B11&"', '"&D11&"', '"&F11&"', '"&G11&"', '"&H11&"', '"&E11&"', '"&C11&"');" -> INSERT INTO trx_user_tampung (nama, email, nip, kode_unit_pbj, kode_jabatan, status_aktif, kode_unit, nama_unit) VALUES ('Ir. Mochamad Priono M.Si.', 'priono@ecampus.ut.ac.id', '196404151991031003', '35', '7', '1', 'UN31.UT22', 'Universitas Terbuka Banjarmasin'); | M11: ="INSERT INTO trx_group_user (kode_group, id_user, status) VALUES ('G01.2', (SELECT id FROM ref_user WHERE email = '"&B11&"'), '1');" -> INSERT INTO trx_group_user (kode_group, id_user, status) VALUES ('G01.2', (SELECT id FROM ref_user WHERE email = 'priono@ecampus.ut.ac.id'), '1'); | N11: ="INSERT INTO trx_group_user (kode_group, id_user, status) VALUES ('G03.2', (SELECT id FROM ref_user WHERE email = '"&B11&"'), '1');" -> INSERT INTO trx_group_user (kode_group, id_user, status) VALUES ('G03.2', (SELECT id FROM ref_user WHERE email = 'priono@ecampus.ut.ac.id'), '1'); | O11: ="INSERT INTO trx_group_user (kode_group, id_user, status) VALUES ('G04.4', (SELECT id FROM ref_user WHERE email = '"&B11&"'), '1');" -> INSERT INTO trx_group_user (kode_group, id_user, status) VALUES ('G04.4', (SELECT id FROM ref_user WHERE email = 'priono@ecampus.ut.ac.id'), '1'); | P11: ="INSERT INTO trx_group_user (kode_group, id_user, status) VALUES ('G05.4', (SELECT id FROM ref_user WHERE email = '"&B11&"'), '1');" -> INSERT INTO trx_group_user (kode_group, id_user, status) VALUES ('G05.4', (SELECT id FROM ref_user WHERE email = 'priono@ecampus.ut.ac.id'), '1');
A12: Drs. Rusna Ristasa M.Pd. | B12: rusna@ecampus.ut.ac.id | C12: Universitas Terbuka Samarinda | D12: =VLOOKUP(B12,nip!$B$1:$D$2652,3,FALSE) -> 196508071989031002 | E12: =VLOOKUP(B12,nip!$B$1:$D$2652,2,FALSE) -> UN31.UT23 | F12: =VLOOKUP(E12,unit_pbj!$A$1:$B$85,2,FALSE) -> 36 | G12: 7 | H12: 1 | J12: ="DELETE FROM trx_group_user WHERE id_user = (SELECT id FROM ref_user WHERE email = '"&B12&"');" -> DELETE FROM trx_group_user WHERE id_user = (SELECT id FROM ref_user WHERE email = 'rusna@ecampus.ut.ac.id'); | K12: ="DELETE FROM trx_user_tampung WHERE email = '"&B12&"';" -> DELETE FROM trx_user_tampung WHERE email = 'rusna@ecampus.ut.ac.id'; | L12: ="INSERT INTO trx_user_tampung (nama, email, nip, kode_unit_pbj, kode_jabatan, status_aktif, kode_unit, nama_unit) VALUES ('"&A12&"', '"&B12&"', '"&D12&"', '"&F12&"', '"&G12&"', '"&H12&"', '"&E12&"', '"&C12&"');" -> INSERT INTO trx_user_tampung (nama, email, nip, kode_unit_pbj, kode_jabatan, status_aktif, kode_unit, nama_unit) VALUES ('Drs. Rusna Ristasa M.Pd.', 'rusna@ecampus.ut.ac.id', '196508071989031002', '36', '7', '1', 'UN31.UT23', 'Universitas Terbuka Samarinda'); | M12: ="INSERT INTO trx_group_user (kode_group, id_user, status) VALUES ('G01.2', (SELECT id FROM ref_user WHERE email = '"&B12&"'), '1');" -> INSERT INTO trx_group_user (kode_group, id_user, status) VALUES ('G01.2', (SELECT id FROM ref_user WHERE email = 'rusna@ecampus.ut.ac.id'), '1'); | N12: ="INSERT INTO trx_group_user (kode_group, id_user, status) VALUES ('G03.2', (SELECT id FROM ref_user WHERE email = '"&B12&"'), '1');" -> INSERT INTO trx_group_user (kode_group, id_user, status) VALUES ('G03.2', (SELECT id FROM ref_user WHERE email = 'rusna@ecampus.ut.ac.id'), '1'); | O12: ="INSERT INTO trx_group_user (kode_group, id_user, status) VALUES ('G04.4', (SELECT id FROM ref_user WHERE email = '"&B12&"'), '1');" -> INSERT INTO trx_group_user (kode_group, id_user, status) VALUES ('G04.4', (SELECT id FROM ref_user WHERE email = 'rusna@ecampus.ut.ac.id'), '1'); | P12: ="INSERT INTO trx_group_user (kode_group, id_user, status) VALUES ('G05.4', (SELECT id FROM ref_user WHERE email = '"&B12&"'), '1');" -> INSERT INTO trx_group_user (kode_group, id_user, status) VALUES ('G05.4', (SELECT id FROM ref_user WHERE email = 'rusna@ecampus.ut.ac.id'), '1');
A13: Rini Yayuk Priyati S.E., M.Ec., Ph.D. | B13: rpriyati@ecampus.ut.ac.id | C13: Universitas Terbuka Malang | D13: =VLOOKUP(B13,nip!$B$1:$D$2652,3,FALSE) -> 197610122001122002 | E13: =VLOOKUP(B13,nip!$B$1:$D$2652,2,FALSE) -> UN31.UT26 | F13: =VLOOKUP(E13,unit_pbj!$A$1:$B$85,2,FALSE) -> 39 | G13: 7 | H13: 1 | J13: ="DELETE FROM trx_group_user WHERE id_user = (SELECT id FROM ref_user WHERE email = '"&B13&"');" -> DELETE FROM trx_group_user WHERE id_user = (SELECT id FROM ref_user WHERE email = 'rpriyati@ecampus.ut.ac.id'); | K13: ="DELETE FROM trx_user_tampung WHERE email = '"&B13&"';" -> DELETE FROM trx_user_tampung WHERE email = 'rpriyati@ecampus.ut.ac.id'; | L13: ="INSERT INTO trx_user_tampung (nama, email, nip, kode_unit_pbj, kode_jabatan, status_aktif, kode_unit, nama_unit) VALUES ('"&A13&"', '"&B13&"', '"&D13&"', '"&F13&"', '"&G13&"', '"&H13&"', '"&E13&"', '"&C13&"');" -> INSERT INTO trx_user_tampung (nama, email, nip, kode_unit_pbj, kode_jabatan, status_aktif, kode_unit, nama_unit) VALUES ('Rini Yayuk Priyati S.E., M.Ec., Ph.D.', 'rpriyati@ecampus.ut.ac.id', '197610122001122002', '39', '7', '1', 'UN31.UT26', 'Universitas Terbuka Malang'); | M13: ="INSERT INTO trx_group_user (kode_group, id_user, status) VALUES ('G01.2', (SELECT id FROM ref_user WHERE email = '"&B13&"'), '1');" -> INSERT INTO trx_group_user (kode_group, id_user, status) VALUES ('G01.2', (SELECT id FROM ref_user WHERE email = 'rpriyati@ecampus.ut.ac.id'), '1'); | N13: ="INSERT INTO trx_group_user (kode_group, id_user, status) VALUES ('G03.2', (SELECT id FROM ref_user WHERE email = '"&B13&"'), '1');" -> INSERT INTO trx_group_user (kode_group, id_user, status) VALUES ('G03.2', (SELECT id FROM ref_user WHERE email = 'rpriyati@ecampus.ut.ac.id'), '1'); | O13: ="INSERT INTO trx_group_user (kode_group, id_user, status) VALUES ('G04.4', (SELECT id FROM ref_user WHERE email = '"&B13&"'), '1');" -> INSERT INTO trx_group_user (kode_group, id_user, status) VALUES ('G04.4', (SELECT id FROM ref_user WHERE email = 'rpriyati@ecampus.ut.ac.id'), '1'); | P13: ="INSERT INTO trx_group_user (kode_group, id_user, status) VALUES ('G05.4', (SELECT id FROM ref_user WHERE email = '"&B13&"'), '1');" -> INSERT INTO trx_group_user (kode_group, id_user, status) VALUES ('G05.4', (SELECT id FROM ref_user WHERE email = 'rpriyati@ecampus.ut.ac.id'), '1');
... A73: Prof. Dr. Lidwina Sri Ardiasih, S.Pd., M.Ed. | B73: lidwina@ecampus.ut.ac.id | C73: Pusat Produksi Bahan Ajar dan Multimedia | D73: =VLOOKUP(B73,nip!$B$1:$D$2652,3,FALSE) -> 197504142005012003 | E73: =VLOOKUP(B73,nip!$B$1:$D$2652,2,FALSE) -> UN31.LPJJ1 | F73: =VLOOKUP(E73,unit_pbj!$A$1:$B$85,2,FALSE) -> 54 | G73: 7 | H73: 1 | J73: ="DELETE FROM trx_group_user WHERE id_user = (SELECT id FROM ref_user WHERE email = '"&B73&"');" -> DELETE FROM trx_group_user WHERE id_user = (SELECT id FROM ref_user WHERE email = 'lidwina@ecampus.ut.ac.id'); | K73: ="DELETE FROM trx_user_tampung WHERE email = '"&B73&"';" -> DELETE FROM trx_user_tampung WHERE email = 'lidwina@ecampus.ut.ac.id'; | L73: ="INSERT INTO trx_user_tampung (nama, email, nip, kode_unit_pbj, kode_jabatan, status_aktif, kode_unit, nama_unit) VALUES ('"&A73&"', '"&B73&"', '"&D73&"', '"&F73&"', '"&G73&"', '"&H73&"', '"&E73&"', '"&C73&"');" -> INSERT INTO trx_user_tampung (nama, email, nip, kode_unit_pbj, kode_jabatan, status_aktif, kode_unit, nama_unit) VALUES ('Prof. Dr. Lidwina Sri Ardiasih, S.Pd., M.Ed.', 'lidwina@ecampus.ut.ac.id', '197504142005012003', '54', '7', '1', 'UN31.LPJJ1', 'Pusat Produksi Bahan Ajar dan Multimedia'); | M73: ="INSERT INTO trx_group_user (kode_group, id_user, status) VALUES ('G01.2', (SELECT id FROM ref_user WHERE email = '"&B73&"'), '1');" -> INSERT INTO trx_group_user (kode_group, id_user, status) VALUES ('G01.2', (SELECT id FROM ref_user WHERE email = 'lidwina@ecampus.ut.ac.id'), '1'); | N73: ="INSERT INTO trx_group_user (kode_group, id_user, status) VALUES ('G03.2', (SELECT id FROM ref_user WHERE email = '"&B73&"'), '1');" -> INSERT INTO trx_group_user (kode_group, id_user, status) VALUES ('G03.2', (SELECT id FROM ref_user WHERE email = 'lidwina@ecampus.ut.ac.id'), '1'); | O73: ="INSERT INTO trx_group_user (kode_group, id_user, status) VALUES ('G04.4', (SELECT id FROM ref_user WHERE email = '"&B73&"'), '1');" -> INSERT INTO trx_group_user (kode_group, id_user, status) VALUES ('G04.4', (SELECT id FROM ref_user WHERE email = 'lidwina@ecampus.ut.ac.id'), '1'); | P73: ="INSERT INTO trx_group_user (kode_group, id_user, status) VALUES ('G05.4', (SELECT id FROM ref_user WHERE email = '"&B73&"'), '1');" -> INSERT INTO trx_group_user (kode_group, id_user, status) VALUES ('G05.4', (SELECT id FROM ref_user WHERE email = 'lidwina@ecampus.ut.ac.id'), '1');

Sheet PP
A1: nama | B1: email | C1: nama_unit
A2: Andi Suwandi | B2: andis@ecampus.ut.ac.id | C2: Direktorat Manajemen Aset dan Unit Pengadaan Barang dan Jasa
A3: Firmansyah, A.Md. | B3: firmansyah_rtp@ecampus.ut.ac.id | C3: Direktorat Manajemen Aset dan Unit Pengadaan Barang dan Jasa
A4: Mailani Hamdani | B4: mailani@ecampus.ut.ac.id | C4: Direktorat Sumber Daya Manusia
A5: Purnomo | B5: nomo@ecampus.ut.ac.id | C5: Pusat Perpustakaan dan Kearsipan
A6: Rudi Susilo Darmawan | B6: rudi@ecampus.ut.ac.id | C6: Pusat Perpustakaan dan Kearsipan
A7: Fikri Firmansyah S.T. | B7: fikri@ecampus.ut.ac.id | C7: Direktorat Manajemen Aset dan Unit Pengadaan Barang dan Jasa
A8: Ahyar Hanubun, S.E., M.M. | B8: ahyar_hanubun@ecampus.ut.ac.id | C8: Universitas Terbuka Ambon
A9: Sugiyono, S.E., M.Ak. | B9: sugiyonos@ecampus.ut.ac.id | C9: Universitas Terbuka Layanan Luar Negeri
A10: Tessa Melanie Wulandari S.E., M.Ak. | B10: tessa@ecampus.ut.ac.id | C10: Lembaga Penelitian dan Pengabdian Kepada Masyarakat
A11: Desca Marwan Toni, S.Komp. | B11: desca@ecampus.ut.ac.id | C11: Universitas Terbuka Bengkulu
A12: Julianto Mardimpu Pasaribu | B12: julianto@ecampus.ut.ac.id | C12: Pusat Perpustakaan dan Kearsipan
... A82: Hendrawan Bayu Wicaksono S.E. M. Ak. | B82: bayuw@ecampus.ut.ac.id | C82: Sekretariat Universitas

Sheet PK
A1: nama | B1: email | C1: nama_unit
A2: Achmad Sophian S.Kom. | B2: asophian@ecampus.ut.ac.id | C2: Universitas Terbuka Tarakan
A3: Efraim Bavo Priyana S.Tr.Par., M.Par. | B3: efraimbavo@ecampus.ut.ac.id | C3: Universitas Terbuka Tarakan
A4: Khaerul Anam S.Pd., M.Pd. | B4: khaerul.anam@ecampus.ut.ac.id | C4: Universitas Terbuka Mataram
A5: Muhammad Irwan Ardiansyah M.Kom. | B5: irwana@ecampus.ut.ac.id | C5: Universitas Terbuka Mataram
A6: Dr. Syahrinullah S.E., M.M. | B6: syahrinullah@ecampus.ut.ac.id | C6: Universitas Terbuka Majene
A7: Fitriadi Nurdin S.Kom., M.M.S.I. | B7: fitriadi@ecampus.ut.ac.id | C7: Universitas Terbuka Majene
A8: Fitrah Yuliani Sabara S.Kom. | B8: fitrah@ecampus.ut.ac.id | C8: Universitas Terbuka Kendari
A9: Mohbir Umasugi S.Sos., M.A.P. | B9: mohbir@ecampus.ut.ac.id | C9: Universitas Terbuka Kendari
A10: Ihrom Lestari S.E. | B10: ihrom-lestari@ecampus.ut.ac.id | C10: Direktorat Manajemen Aset dan Unit Pengadaan Barang dan Jasa
A11: Teguh Nursantoso, S.Kom., M.MSI. | B11: teguhn@ecampus.ut.ac.id | C11: Lembaga Penelitian dan Pengabdian Kepada Masyarakat
A12: Milcha Handayani Tammubua S.E., M.M. | B12: milcha@ecampus.ut.ac.id | C12: Universitas Terbuka Jayapura
... A239: Yohanes S.E. | B239: yohanes@ecampus.ut.ac.id | C239: Direktorat Sumber Daya Manusia
